mean_fit_time,std_fit_time,mean_score_time,std_score_time,param_model__subsample,param_model__reg_lambda,param_model__reg_alpha,param_model__n_estimators,param_model__max_depth,param_model__learning_rate,param_model__colsample_bytree,params,split0_test_score,split1_test_score,split2_test_score,split3_test_score,split4_test_score,split5_test_score,split6_test_score,split7_test_score,split8_test_score,split9_test_score,split10_test_score,split11_test_score,split12_test_score,split13_test_score,split14_test_score,split15_test_score,split16_test_score,split17_test_score,split18_test_score,split19_test_score,split20_test_score,split21_test_score,split22_test_score,split23_test_score,split24_test_score,mean_test_score,std_test_score,rank_test_score,split0_train_score,split1_train_score,split2_train_score,split3_train_score,split4_train_score,split5_train_score,split6_train_score,split7_train_score,split8_train_score,split9_train_score,split10_train_score,split11_train_score,split12_train_score,split13_train_score,split14_train_score,split15_train_score,split16_train_score,split17_train_score,split18_train_score,split19_train_score,split20_train_score,split21_train_score,split22_train_score,split23_train_score,split24_train_score,mean_train_score,std_train_score
0.23290445327758788,0.1223920745344411,0.00820148468017578,0.0016458438936017398,0.9,1.0,0.1,200,2,0.1,0.8,"{'model__subsample': 0.9, 'model__reg_lambda': 1, 'model__reg_alpha': 0.1, 'model__n_estimators': 200, 'model__max_depth': 2, 'model__learning_rate': 0.1, 'model__colsample_bytree': 0.8}",-21.218643556582222,-16.315129474604458,-14.31819329215819,-12.594080283751847,-18.878002948091737,-17.753413343140664,-14.94269698915027,-16.17578604104948,-13.916263365801228,-18.083157981374047,-10.537220374226447,-18.191657476327478,-16.1585372875244,-16.1953219719726,-20.806398420799425,-13.80725463045753,-15.681155103437176,-18.891652066344367,-15.168191126019924,-19.219344309373852,-16.429304468674918,-16.57224741115905,-16.947490030446446,-17.058263043092815,-16.176125125567733,-16.481421204845134,2.3820483408857256,16,-5.978514747064908,-6.375533937007486,-6.951819363152586,-6.686002523876483,-6.258040079697926,-5.790295403823069,-6.687521028221539,-6.733208248514052,-6.757009919234732,-6.1599936639228785,-7.17914362081047,-6.678368270802251,-6.209620901269281,-6.953732033866518,-5.612606985335361,-6.602117719941337,-6.428864608551788,-6.296364290538354,-6.700434304470137,-6.210000834347821,-6.619033817137015,-6.575948380344415,-6.700423811024004,-6.479719515173833,-6.241534641998761,-6.47463410600508,0.35904243030299793
0.11516316413879395,0.024794081512132027,0.01106121063232422,0.004519141367468489,1.0,0.5,1.0,300,3,0.1,1.0,"{'model__subsample': 1.0, 'model__reg_lambda': 0.5, 'model__reg_alpha': 1, 'model__n_estimators': 300, 'model__max_depth': 3, 'model__learning_rate': 0.1, 'model__colsample_bytree': 1.0}",-21.786795803559375,-17.569359022205457,-12.902190991494193,-13.659193338328517,-18.743071340594373,-17.78026754365183,-16.217612133217337,-17.304607673911573,-15.995041132781855,-16.701782647866157,-11.023417026216649,-19.154812133590987,-17.914499000158475,-17.10723127413196,-22.08383901642626,-12.965808757367165,-17.423784730865737,-18.190178848330003,-15.623841969590028,-19.83062048221256,-15.750336665031245,-17.410755056414686,-17.166910684341772,-18.653931317349283,-14.977875968254502,-16.95751058231568,2.5299179759025923,25,-1.8748430527353548,-1.9097445286924546,-2.3532479809305196,-2.1773248633359525,-1.946487380838205,-1.7629522999165044,-2.019138602351197,-2.244933417890519,-1.9662367331874058,-1.6541318643818077,-2.2400593570941285,-1.682980399889301,-1.7072323444683142,-2.4610215390093817,-1.5817571396906875,-1.8882843332389028,-1.9617976309372955,-1.833502802762193,-2.2862839893548106,-2.195704282318436,-1.9777540172758645,-2.2164277348734194,-2.2642726637975734,-1.8369424307849584,-1.9541278852777169,-1.999887571001316,0.23317935936716477
0.09818266868591309,0.02843297039542702,0.007558555603027344,0.001962949723477863,0.7,5.0,0.01,200,5,0.01,0.7,"{'model__subsample': 0.7, 'model__reg_lambda': 5, 'model__reg_alpha': 0.01, 'model__n_estimators': 200, 'model__max_depth': 5, 'model__learning_rate': 0.01, 'model__colsample_bytree': 0.7}",-22.02164573136121,-18.12399807956565,-16.822978600996077,-12.25441375188551,-17.3389176452369,-19.379523580663793,-15.038479367497574,-16.787293355304836,-15.469187953709252,-19.131404291635267,-11.5370475619447,-18.261295337077385,-17.673599746038516,-18.652939688510877,-20.67967238827071,-13.468635934876607,-16.964937047860293,-19.668448583967468,-15.484550809136447,-20.48138209455259,-17.464012000854908,-15.329044072335224,-18.35742485734753,-19.270266280696067,-16.63974683227935,-17.29203382374419,2.496074803204325,27,-10.990152019544604,-11.381163278668899,-12.048845696290597,-12.48757875011535,-11.690121485957782,-11.240669193568394,-11.781983036548061,-11.963253710883379,-12.259560691695132,-11.322017302580752,-12.658562464541342,-11.85273030055377,-11.469793564764547,-11.488083182116782,-10.531985423669488,-12.194613003746625,-11.644059460039534,-11.5326132548851,-11.860568573005791,-11.486174746009217,-11.588118733855765,-12.006354286815377,-11.564812414408415,-11.258418239954915,-11.71963813138718,-11.68087483782427,0.454009039805341
0.036555395126342774,0.009942609001298456,0.006757278442382813,0.0016909601266301586,0.9,5.0,0.0,100,3,0.03,0.8,"{'model__subsample': 0.9, 'model__reg_lambda': 5, 'model__reg_alpha': 0, 'model__n_estimators': 100, 'model__max_depth': 3, 'model__learning_rate': 0.03, 'model__colsample_bytree': 0.8}",-21.904831489449975,-17.72309087428515,-15.442334991296628,-12.939148038798491,-17.35690452307985,-18.152103245596848,-15.154302920482513,-16.10940221833231,-14.508158206298425,-19.06977930488632,-11.117834554067954,-17.645709106448017,-18.12695255172828,-17.924732604256665,-20.33339401294626,-12.63302214406336,-16.484619679756825,-19.55581677613826,-16.09240694927317,-20.164505303652607,-17.179528691560854,-15.39061001560144,-18.374378064664683,-18.558910832424964,-16.03268817804395,-16.95900661108535,2.4693285966331975,26,-11.018985130371645,-11.72840515579554,-12.152508382889526,-12.75336226534282,-11.527499249003245,-11.35896596252291,-11.993935370500314,-12.12355556603399,-12.768367293269678,-11.385178160233115,-13.120281727517737,-12.08175563602938,-11.878216891658404,-11.724387265489199,-10.421592475719624,-12.52196494296112,-11.727188206975729,-11.482752169093763,-11.801517585862527,-11.470726277650323,-11.904490640199617,-12.127997604188552,-11.479683014355892,-11.50930720696702,-12.06994123217389,-11.845302616512225,0.5644924888412078
0.045329923629760745,0.009100888836720035,0.008041305541992188,0.005310378296555035,0.9,2.0,0.1,200,2,0.03,1.0,"{'model__subsample': 0.9, 'model__reg_lambda': 2, 'model__reg_alpha': 0.1, 'model__n_estimators': 200, 'model__max_depth': 2, 'model__learning_rate': 0.03, 'model__colsample_bytree': 1.0}",-20.975830233410708,-16.484534586620033,-14.821323731113395,-13.107254694120114,-17.151955800642046,-18.0559773718304,-15.146619417482153,-15.34600224290699,-12.986281305445406,-18.627600799540932,-10.704113149711839,-17.457657370720597,-16.973626155261655,-17.229133911613648,-20.087506311279867,-13.404458180825802,-15.807035489388173,-18.58484120144408,-15.992718897618335,-19.51483600578177,-16.53954722898183,-16.151641365185117,-17.678734183920948,-17.2615863205456,-15.920677202810937,-16.480459726328096,2.293940146226461,15,-10.344983597382994,-11.20420406536148,-11.318743442608344,-11.630586212133435,-11.143938172924868,-10.718880310892732,-11.244199444574061,-11.6534895421572,-11.684913060080785,-10.600180873042659,-12.173114566543026,-11.263352244442272,-10.842898426174587,-11.095422914756341,-9.945176248780474,-11.68648381363447,-11.190926109233192,-10.701896578838717,-11.032684472793653,-10.559341173882544,-11.183523527224391,-11.251461117914236,-10.814505683252264,-10.909601933771189,-11.30559131230261,-11.100003953788102,0.47125578276927077
0.04172276496887207,0.006846127505964135,0.007808151245117187,0.003123686172109578,1.0,1.0,0.0,200,2,0.03,0.8,"{'model__subsample': 1.0, 'model__reg_lambda': 1, 'model__reg_alpha': 0, 'model__n_estimators': 200, 'model__max_depth': 2, 'model__learning_rate': 0.03, 'model__colsample_bytree': 0.8}",-20.488081384646186,-16.111912433990383,-15.620346425751297,-13.33121167357054,-17.605417536016095,-17.777087488889407,-15.48933405644314,-16.248251328182743,-13.617917000982581,-18.674996869590203,-11.171206291167238,-17.60028569914435,-18.12338746616663,-17.72140653959473,-20.698934836631754,-13.508394022837903,-15.5072589603772,-19.025808779328152,-16.25514906810861,-20.005453105342962,-17.45263870783154,-15.685862614815694,-17.898931761146486,-17.98084467914963,-16.576598966180846,-16.80706870783545,2.2560322793308325,23,-10.974484107448172,-11.30688603596138,-11.40882321835068,-12.073855822921459,-11.291403849684286,-10.765620215528894,-11.799271180472063,-11.767667161187804,-11.881788540016792,-11.120199846024114,-12.71670628596963,-11.88734999874003,-11.030601946296917,-11.454507824140663,-10.238573298433376,-11.861721839080488,-11.417592126815736,-11.140268335041014,-11.400729139755011,-10.994932618600755,-11.92933434514367,-11.62705408851135,-11.053736226069983,-11.352830754270808,-11.25826450457781,-11.430168132361718,0.49067047750362275
0.11245444297790527,0.02455500860166873,0.007652912139892578,0.0037845657129628465,0.7,5.0,1.0,300,4,0.1,0.9,"{'model__subsample': 0.7, 'model__reg_lambda': 5, 'model__reg_alpha': 1, 'model__n_estimators': 300, 'model__max_depth': 4, 'model__learning_rate': 0.1, 'model__colsample_bytree': 0.9}",-21.765692677435045,-16.556422901921227,-13.235707612806468,-12.124083270258257,-17.680472170511884,-17.97343738878372,-14.575848812495257,-15.648496302017936,-13.718234409367291,-16.785009019052012,-10.988858842446218,-17.272978178729698,-16.48026650184132,-16.78490697105707,-23.03425453335931,-13.5996511588417,-16.272100724726887,-19.217613395152,-13.919515463958545,-18.718577767039548,-15.33940928702928,-16.322900065706488,-15.538019278533476,-17.969597315306213,-15.601506396340268,-16.284942417788685,2.6731213675956322,10,-1.184710171897061,-1.3840885183315859,-1.7135968024028823,-1.5854255677951439,-1.6227300300403096,-1.269962126093034,-1.634648253560375,-1.6753010726233033,-1.5487800574429826,-1.2236813828917223,-1.7359080327673924,-1.1707947857488907,-1.3944999412189838,-1.8037642289903975,-1.120937600332487,-1.2028284057516005,-1.5052867596723392,-1.2767096053376146,-1.6092812069177975,-1.5440052887204183,-1.2196415680555275,-1.6401503467739116,-1.8047273861226616,-1.3660787014560036,-1.351391712793708,-1.4635571821495252,0.21189165676448793
0.03335586547851563,0.010308703163238049,0.0073322105407714845,0.0020214547520213556,0.7,1.0,0.01,100,2,0.1,0.9,"{'model__subsample': 0.7, 'model__reg_lambda': 1, 'model__reg_alpha': 0.01, 'model__n_estimators': 100, 'model__max_depth': 2, 'model__learning_rate': 0.1, 'model__colsample_bytree': 0.9}",-21.11972160809911,-15.481629566157197,-14.845326532580577,-12.633361463280336,-17.81424509483471,-17.524495744416303,-14.598530113009877,-15.23270421727383,-13.844445515517062,-17.561879464853238,-10.557469967860804,-16.199044203911516,-16.60527118388028,-16.732192539896698,-21.525503342240757,-12.998565900558592,-15.154746455546226,-18.389944788544458,-14.447475893371575,-19.976421333733303,-16.761184721914603,-17.205147192436353,-17.602362582414674,-17.832355215414335,-15.992446947282438,-16.345458863561156,2.482958201718202,12,-8.663504950452097,-9.037194692151816,-9.59177182912592,-9.77193273312639,-8.961093210059047,-8.61421130434888,-9.183591346241254,-9.460414303879164,-9.453306924210503,-8.647326389908459,-9.913744712368862,-9.108225303231597,-9.00057567519727,-9.394181871162743,-7.8073091561961645,-9.1473832928908,-8.97110790441368,-8.59327941474655,-9.349157560187116,-8.697270586436074,-9.548027792375587,-8.98157766344084,-9.056730188325409,-9.086418174383018,-9.020015452365513,-9.082374097248989,0.43610903057379935
0.07157274246215821,0.01203182605688383,0.006959619522094726,0.001461182243082433,0.9,1.0,0.1,200,4,0.03,0.8,"{'model__subsample': 0.9, 'model__reg_lambda': 1, 'model__reg_alpha': 0.1, 'model__n_estimators': 200, 'model__max_depth': 4, 'model__learning_rate': 0.03, 'model__colsample_bytree': 0.8}",-21.11748422992849,-16.084729092010402,-13.370557988333298,-12.197947427081667,-17.696494202195552,-18.3202778989011,-14.904405499699719,-15.351254133390652,-13.629240152293637,-17.70447990134436,-10.013076544408339,-17.093658674543974,-16.508852650904068,-17.11504660403501,-19.780877748281764,-12.880579276181988,-15.716630051316368,-18.81392487903711,-15.00544252875379,-18.586682114469323,-15.575420009631115,-15.633594082614833,-16.355833165878643,-17.818556023416818,-15.906307015352695,-16.127254075760188,2.4295869213538297,4,-4.728636023325438,-4.986822016927267,-5.7302307645900274,-5.760349184782103,-5.519979224453248,-4.773089871113903,-5.5514094487782595,-5.738422843681313,-5.3252741919496485,-4.929314197167284,-5.815916956001198,-5.409689995525619,-4.991501729735098,-5.374018384750784,-4.3740245250825,-5.317139515414938,-5.319257966839956,-5.234955899542075,-5.154277810229125,-5.230032479862918,-5.136830560814181,-5.472649116816895,-5.43107278137698,-5.153315554870576,-5.057465715489276,-5.260627070364825,0.3419680894263207
0.052595205307006836,0.015594734633437206,0.008588781356811523,0.002799530443836152,0.8,2.0,1.0,200,2,0.05,0.8,"{'model__subsample': 0.8, 'model__reg_lambda': 2, 'model__reg_alpha': 1, 'model__n_estimators': 200, 'model__max_depth': 2, 'model__learning_rate': 0.05, 'model__colsample_bytree': 0.8}",-20.60197320505185,-16.50164577259737,-15.01424245035489,-12.636890757946826,-17.35220823321426,-18.148591957305317,-14.617957575135957,-14.854872452048776,-13.168140977864988,-18.12353423234141,-10.046875203352103,-16.806381904604745,-16.371470437713086,-16.551028543250418,-20.483682358354038,-13.076273326217967,-15.529764505742378,-18.611319330379242,-14.92220033168752,-19.377714313325075,-16.41073650301683,-16.670360441040575,-16.993411231650445,-17.57399224456023,-15.540774814890758,-16.239441724145884,2.3963386959580126,8,-8.883093352648078,-9.248334222276013,-9.731076469544524,-9.992868430431741,-9.286458598500742,-8.778014786035472,-9.492490679714344,-9.59509905252876,-9.856208033604778,-9.03117288846202,-10.132296500315109,-9.446073816852524,-9.217610889101755,-9.508757829797752,-8.106374252449006,-9.76441467954229,-9.371218694254766,-9.055869029396225,-9.566171480756422,-8.767630645663136,-9.777071608152946,-9.572920279594966,-9.482339022705599,-9.377918730224563,-9.113670786016584,-9.366206190342805,0.4341022423395275
0.12126251220703126,0.027850043239233915,0.008522682189941407,0.0053281154233345025,0.9,0.5,0.01,500,3,0.01,0.7,"{'model__subsample': 0.9, 'model__reg_lambda': 0.5, 'model__reg_alpha': 0.01, 'model__n_estimators': 500, 'model__max_depth': 3, 'model__learning_rate': 0.01, 'model__colsample_bytree': 0.7}",-20.623114189034936,-16.212360203155423,-14.348473576035916,-12.505522251364665,-16.953543475636263,-18.09856509380563,-14.598626646935788,-15.24074909758871,-13.226857262020308,-17.83838129463242,-10.20246861063167,-17.056054683888775,-16.892300353211514,-17.27668426360982,-19.936395346484115,-13.10113485069949,-15.743309821133517,-18.449888820912367,-15.158306710343203,-19.0631155672763,-16.162154134868832,-15.654757501033316,-17.277978512469986,-17.902641277082143,-15.98606309959406,-16.220377865737966,2.338168745341459,7,-7.772684170519595,-8.315221025597134,-8.79336170999649,-8.986394554898018,-8.357314467239155,-7.984813149934996,-8.57441469979094,-8.98298756438725,-8.948673091730726,-8.11258756956379,-9.402865582507332,-8.624139206317405,-8.231165614999693,-8.380816070004883,-7.145387880066582,-8.8145801607406,-8.20893601329155,-8.094791197475402,-8.41229060125465,-8.187702356582431,-8.546415305167224,-8.788087951026851,-8.435593172764207,-8.209375473602359,-8.33091232948526,-8.42566043675778,0.44860112014509335
0.10263328552246094,0.0244375463140357,0.008438453674316407,0.005828809120489261,0.9,1.0,0.01,500,2,0.03,1.0,"{'model__subsample': 0.9, 'model__reg_lambda': 1, 'model__reg_alpha': 0.01, 'model__n_estimators': 500, 'model__max_depth': 2, 'model__learning_rate': 0.03, 'model__colsample_bytree': 1.0}",-21.190770567530002,-16.067025957373275,-14.005454035825075,-12.635654997810171,-18.398248508185667,-18.086104706425125,-14.874649842102123,-15.179593377831635,-13.271394599418109,-17.75980649476644,-10.002829989953923,-17.219065656564293,-16.266905319224573,-16.916159327134565,-20.759396431535187,-13.602199025221676,-15.642769806565394,-18.440013292476408,-15.37018880166465,-19.361641635511994,-15.764291290903603,-16.816482692852354,-16.354452292650265,-17.079090687842506,-16.803500853773365,-16.314707607645694,2.4458555911568762,11,-6.831717117156398,-7.287833028067861,-7.861601885366604,-7.809713062429904,-7.287066134961127,-7.007357504190718,-7.641213317122215,-8.053910891532071,-7.824116254648815,-7.03114989301073,-8.321414054587727,-7.578399638670305,-7.198102062238816,-7.60273893093421,-6.44840375487906,-7.458982968628834,-7.302759310064356,-7.209089805645607,-7.668157765044037,-7.135947021659665,-7.577340257454978,-7.627660843250528,-7.4800628027603935,-7.2915492017050845,-7.240888960107237,-7.43108705864469,0.3922729087582018
0.056953411102294925,0.010367678607499094,0.006891899108886719,0.0014968805410176431,0.9,2.0,0.0,200,3,0.01,0.8,"{'model__subsample': 0.9, 'model__reg_lambda': 2, 'model__reg_alpha': 0, 'model__n_estimators': 200, 'model__max_depth': 3, 'model__learning_rate': 0.01, 'model__colsample_bytree': 0.8}",-21.88565862624261,-18.721667309575032,-16.700574594841164,-13.005892432947908,-17.862541754203928,-18.619334094611936,-15.644059643183736,-16.930777348433562,-15.037688749575565,-19.73478313163,-11.98547359376008,-18.32803869388248,-18.780359405655087,-18.697629780497284,-19.985806421473832,-13.545190676987007,-17.167739862544707,-19.957916044198242,-15.97215722915148,-21.416990456449305,-17.970528626108685,-15.474179935789945,-19.14879106306492,-19.5684613888086,-16.691657254100182,-17.55335592470869,2.445364606010947,29,-12.304452261353154,-12.978050991270457,-13.505525862635489,-13.990747762185055,-12.975238763590584,-12.478827836186674,-13.233935609420824,-13.36570413186534,-14.04275733170978,-12.67625648052552,-14.441045726553222,-13.242795531538798,-13.106699794084872,-13.114664984484945,-11.58847199161848,-13.776541657627385,-12.96884513880267,-12.778364446576447,-13.162012948395295,-12.93697899361439,-13.00255058940884,-13.458821338371612,-12.920615224976972,-12.781392493659588,-13.304960887903485,-13.125450351134393,0.5718134341238665
0.122225341796875,0.044919382972199495,0.008515291213989258,0.007022614979138014,0.9,2.0,0.0,500,3,0.03,0.8,"{'model__subsample': 0.9, 'model__reg_lambda': 2, 'model__reg_alpha': 0, 'model__n_estimators': 500, 'model__max_depth': 3, 'model__learning_rate': 0.03, 'model__colsample_bytree': 0.8}",-21.075044849483515,-16.220904381164452,-12.637289630002318,-11.656820803426047,-18.287127309431106,-17.75791644268258,-14.591219106162699,-15.686560756749124,-13.902093883147874,-17.801917413714968,-10.512786408041531,-17.361037883158925,-16.79105883790133,-16.290795579688407,-20.48770041465075,-13.110756028172057,-16.026136443544345,-18.773466751965127,-14.864354132852647,-18.519683140823663,-15.151024231577429,-16.087617820271277,-16.129530596338714,-17.47192561076295,-16.103843703243868,-16.131944486358307,2.473913787162904,5,-4.0707067105116765,-4.212140184291283,-4.9617548511079335,-4.856394109211478,-4.520500711792493,-4.100359148676592,-4.50797340664769,-4.926163567812781,-4.62906373354807,-4.019235657957845,-5.045627570504272,-4.479875547921891,-4.193731775031279,-4.69300927125216,-3.7136620455212457,-4.218055888524608,-4.382265560599214,-4.431309098621848,-4.625597008712041,-4.326281891605723,-4.502341992257245,-4.702531319380022,-4.8166968730469,-4.266363776684581,-4.118903981130234,-4.452821827294044,0.32704804413053035
0.0542255687713623,0.02097489200672829,0.010411109924316406,0.007445729348316607,1.0,1.0,0.01,200,2,0.05,1.0,"{'model__subsample': 1.0, 'model__reg_lambda': 1, 'model__reg_alpha': 0.01, 'model__n_estimators': 200, 'model__max_depth': 2, 'model__learning_rate': 0.05, 'model__colsample_bytree': 1.0}",-20.129017212202598,-15.17877328394367,-15.34650702731701,-13.524256962459573,-17.966394058361384,-17.78214482378931,-14.997323044416,-15.584131025480495,-14.148331309173452,-18.57450198956882,-10.852939249910685,-17.94725355690674,-17.145100812822307,-17.295692042781408,-19.57545652137875,-13.211466914545662,-14.80724035870869,-19.472651835254023,-15.559851040337803,-19.118738521393922,-17.622510967674266,-15.998055894082052,-17.360793883531613,-18.239806744666236,-16.76298248660835,-16.568076862692592,2.2073414010054218,18,-9.542784818427432,-9.487147324061691,-9.745097017411346,-10.299538854875392,-9.457952735978601,-8.983991821903937,-9.77557670300693,-10.240487532750654,-10.177985839886821,-9.475274533146305,-10.987448490033449,-10.196056069106358,-9.166041914273181,-9.927664286594498,-8.539622551505628,-9.840502131792249,-9.689645555515831,-9.289776227918338,-9.915657112028097,-9.130186869829046,-10.279122556783122,-9.968246892810846,-9.293623762802243,-9.891901204903004,-9.350600342210686,-9.706077325982227,0.5081878551327733
0.08770758628845216,0.04204974543604236,0.013052539825439453,0.011171091575771881,0.7,1.0,1.0,200,3,0.1,0.9,"{'model__subsample': 0.7, 'model__reg_lambda': 1, 'model__reg_alpha': 1, 'model__n_estimators': 200, 'model__max_depth': 3, 'model__learning_rate': 0.1, 'model__colsample_bytree': 0.9}",-21.74853491199636,-16.063529572501636,-12.608771665990576,-11.712006644434283,-18.518127462822097,-17.705417561995066,-14.737799570375216,-16.706409078362643,-14.758987406514704,-17.769764046752147,-10.47256334214265,-16.593155016048517,-16.53727529532084,-16.047502625594877,-21.57455698363975,-13.640162157617786,-15.46529702141878,-17.965791726627508,-14.381191639034535,-18.813308661228678,-15.59922386211396,-16.5326770193535,-15.50046517407984,-18.811118503611098,-16.147580046524695,-16.25644867984407,2.5957658075257024,9,-3.013160526924912,-3.220343208177353,-3.589251344810781,-3.7843263059622485,-3.555934435827394,-2.9800643148684482,-3.5184057082819264,-3.682532467583061,-3.5560673015914044,-3.1374085558813167,-4.004070003163326,-3.1122438958176644,-3.0505951146133734,-3.55629321048825,-2.7447470483152028,-3.082636229906531,-3.3806108514608453,-3.337109590005049,-3.474840939954691,-3.385118019015073,-3.425547030363354,-3.5324017805427887,-3.727917621586858,-3.0879157485606457,-3.0851242968184387,-3.360986622020837,0.2947481591447246
0.054534778594970704,0.027134112203863907,0.01006964683532715,0.007565737046871758,1.0,0.5,0.1,200,2,0.1,0.9,"{'model__subsample': 1.0, 'model__reg_lambda': 0.5, 'model__reg_alpha': 0.1, 'model__n_estimators': 200, 'model__max_depth': 2, 'model__learning_rate': 0.1, 'model__colsample_bytree': 0.9}",-20.538880547661453,-16.12188296846561,-16.024933647398857,-13.576909839464095,-19.179524780407284,-18.201562292914353,-15.840783741790846,-16.324083095315153,-14.234840218700075,-18.177259148699154,-10.461050055221387,-19.272240422301728,-16.96909820763741,-16.83542846225837,-20.327734084373457,-13.983858995796373,-15.994311482333794,-19.221543622532046,-17.174285574209907,-19.058816962612248,-16.030902356015265,-16.69396321079187,-17.16806312245534,-18.496132416213573,-16.892079344984303,-16.912006744022158,2.2310809296713168,24,-6.384055279879737,-6.867552044699695,-7.0986629763378986,-7.114290074610079,-6.390039254499208,-5.919989451181083,-7.143409334946266,-7.33815573923346,-7.0049188395981075,-6.522254086388571,-7.375273713215506,-6.930623119658925,-6.107761666010226,-7.142649922206715,-5.78447245826448,-6.2817606866207125,-6.657581304873621,-6.239653811969022,-7.006051792364406,-6.474449180157505,-7.1159869597047,-6.86321447251857,-6.597853995044464,-6.915100683228095,-6.390716178030874,-6.706659081009678,0.43218299682951317
0.13024999618530272,0.07234826674889704,0.009243583679199219,0.0082313280099553,1.0,1.0,0.1,200,5,0.05,0.9,"{'model__subsample': 1.0, 'model__reg_lambda': 1, 'model__reg_alpha': 0.1, 'model__n_estimators': 200, 'model__max_depth': 5, 'model__learning_rate': 0.05, 'model__colsample_bytree': 0.9}",-21.261466396419546,-15.990108788906603,-13.984355164092063,-13.25986363685468,-17.864238487377502,-18.266682898081942,-15.662707808836357,-15.498944791959984,-14.972101141583764,-17.881745564491332,-11.893751836644853,-17.97068319059943,-16.991912235873034,-17.013068169522523,-20.960641956292978,-12.87523266526967,-17.25968392929746,-18.556591023157175,-14.944202602675253,-18.85152896642052,-15.934182250302175,-15.050963354947275,-16.694170994866166,-18.266164332710865,-15.054102948524019,-16.518363805428287,2.262967615968348,17,-1.76670196726124,-1.7566664998412465,-2.47566962619213,-2.1126187537719283,-2.2736621700945165,-1.6303857236997463,-2.019754598850007,-2.2941280668937427,-2.07922923243524,-2.1680685373033697,-2.590876367200484,-1.6145865078953865,-2.102981960988822,-2.698767404141112,-1.5116280770509614,-1.5252796725070352,-1.555549829992177,-2.0070229187028565,-1.9673097741572987,-2.261046066394122,-2.0907916316529085,-2.4130151822305805,-2.1671363302719433,-1.8437278262096426,-1.7257653316462394,-2.0260948022953893,0.3287614215841825
0.16216113090515136,0.07365275323133272,0.00951242446899414,0.006501351688058697,1.0,1.0,0.01,300,4,0.1,1.0,"{'model__subsample': 1.0, 'model__reg_lambda': 1, 'model__reg_alpha': 0.01, 'model__n_estimators': 300, 'model__max_depth': 4, 'model__learning_rate': 0.1, 'model__colsample_bytree': 1.0}",-22.348658831433166,-15.668834416002676,-13.357042450669786,-12.403492827400013,-18.425744540900514,-18.27135513768412,-16.52051800596385,-17.39051747117848,-14.775909080812024,-18.0401425825224,-11.16130992946487,-18.076821298501557,-17.91129964468169,-18.350763410747913,-20.857929389314922,-12.9094773055496,-16.472361029629617,-19.311939088182108,-15.112771290114214,-18.573514943994923,-15.333143720052835,-17.650288864269594,-16.56517603608898,-18.736230841426234,-14.72452100009053,-16.757990525467065,2.577902307431953,22,-0.6440668334620012,-0.780018304497621,-0.963969318887452,-0.7298373908124945,-0.7532774730186498,-0.7798203939759633,-0.8798563800673694,-1.0017363311481389,-0.8803127991549464,-0.5367417568795861,-0.9200130416490119,-0.6822123510250467,-0.80600570926947,-1.083726840348866,-0.43657899474591294,-0.4698080513758005,-0.7358625575605384,-0.4044539532401706,-0.8668186986415517,-0.9476488557912419,-0.6095004855171338,-0.9778226754780648,-0.9872053176364265,-0.6205007352276684,-0.7425191678127414,-0.7696125766889547,0.1826570284593139
0.0825381851196289,0.03736784934194982,0.011941547393798829,0.012942200243612183,0.9,0.5,0.0,300,2,0.01,0.9,"{'model__subsample': 0.9, 'model__reg_lambda': 0.5, 'model__reg_alpha': 0, 'model__n_estimators': 300, 'model__max_depth': 2, 'model__learning_rate': 0.01, 'model__colsample_bytree': 0.9}",-21.313103471743357,-18.290976122569738,-16.046673637231688,-13.372716924348376,-17.565194731595223,-18.889648110452164,-15.87149554823873,-16.348988984223933,-14.429325857023137,-19.65755906675284,-11.248680226273828,-17.9839601400302,-18.656677676689732,-18.26892827132274,-20.167371900953174,-13.322327931400816,-16.488703503259654,-19.857924876226278,-16.806400750590882,-20.75279557440777,-17.452963189996424,-15.745450432760672,-18.961436011522334,-18.781648696869095,-16.44187381647169,-17.30891301811818,2.406895737612923,28,-12.58809479747943,-13.40631456918344,-13.614492738377438,-14.154129702123248,-13.323452069816815,-12.822224149164404,-13.506549133469369,-13.557844588115179,-14.306642798636757,-13.058809589142399,-14.5983763580101,-13.596305775305984,-13.32132291404144,-13.400887384146362,-12.168385353820371,-14.180624578304167,-13.411395968639868,-12.859456656643394,-13.343762919182744,-13.286117687172933,-13.488402241818331,-13.699353475087952,-12.95511723381663,-13.096968344798858,-13.647416521468484,-13.415697901910644,0.5271081253376126
0.10607136726379394,0.03576448337136408,0.008404350280761719,0.0054285072529747895,0.8,1.0,0.01,300,4,0.03,0.7,"{'model__subsample': 0.8, 'model__reg_lambda': 1, 'model__reg_alpha': 0.01, 'model__n_estimators': 300, 'model__max_depth': 4, 'model__learning_rate': 0.03, 'model__colsample_bytree': 0.7}",-20.430853027230736,-16.175955175866278,-13.152587598013472,-11.484103152861953,-16.946799100909317,-18.052206659028116,-14.229093579935247,-14.71789250370379,-13.345401227684908,-17.673337893888622,-9.762475147345734,-16.793295876756655,-16.349009980061844,-17.18195307327972,-20.535558417965923,-13.118741480031183,-15.998087107060746,-17.288345045052733,-14.606301965993584,-18.82982492308235,-15.547436209646534,-15.785565096537272,-16.38937746334793,-17.60557896540772,-15.914988726750368,-15.91659077589771,2.46779963147809,2,-3.3432973373109616,-3.656872931494709,-4.202997466647066,-4.018650437358044,-4.0983717056493525,-3.4321962559025767,-3.8666418879474413,-4.312999127562851,-3.7865732217365156,-3.6098967432726816,-4.194975844077826,-3.8982331726711723,-3.594017451944643,-3.9110884519723035,-3.132525445151701,-3.5859484071955436,-3.723465863076028,-3.7623948792298747,-3.8547929323917938,-3.633264997484474,-3.6981811601459333,-3.970284825588742,-4.040633002120461,-3.699066636010994,-3.552034992917448,-3.7831762070744452,0.2741691493128582
0.04092782974243164,0.013919521383549852,0.007520294189453125,0.002034780841151793,0.7,1.0,1.0,100,3,0.1,1.0,"{'model__subsample': 0.7, 'model__reg_lambda': 1, 'model__reg_alpha': 1, 'model__n_estimators': 100, 'model__max_depth': 3, 'model__learning_rate': 0.1, 'model__colsample_bytree': 1.0}",-20.50773848150898,-15.459445044632668,-13.020484878656333,-11.110346512277108,-17.68860016404537,-18.411238135500668,-13.744010148490583,-15.12620762821551,-13.895127071415633,-16.939989621665397,-10.494521771048124,-16.4439835281399,-16.712733491004805,-17.854098616629127,-21.224904233524104,-13.67863904537092,-14.417113861339622,-17.214071358392772,-14.200897937992574,-18.545117966118553,-15.248911417838865,-15.83253621686969,-15.804694115344743,-17.796248015122465,-15.326048643939382,-15.867908316203355,2.5134899308272605,1,-5.096941476324754,-5.444317342546594,-6.082720676238998,-5.923424245389543,-5.695165122372177,-5.33579151759447,-5.657331251800946,-5.980732614641869,-5.8149205171890825,-5.492902223248298,-6.20559575974638,-5.826934945240328,-5.8129125879824,-5.838042167877859,-4.618352200007235,-5.201496619050737,-5.642414332479251,-5.409391718605859,-5.814702678411257,-5.68267175521703,-5.711515001645463,-5.747360214079491,-6.367185297052375,-5.3590335557284945,-5.010328346808674,-5.630887366691183,0.381475390501526
0.05321991920471191,0.014613283161504731,0.0069675159454345706,0.0021956718379150543,0.8,0.5,0.0,100,5,0.01,0.7,"{'model__subsample': 0.8, 'model__reg_lambda': 0.5, 'model__reg_alpha': 0, 'model__n_estimators': 100, 'model__max_depth': 5, 'model__learning_rate': 0.01, 'model__colsample_bytree': 0.7}",-22.247349536983513,-19.14507488427885,-18.28377980788598,-13.45596122398602,-18.40075154488547,-20.228834867188517,-16.46780405164064,-17.894542647377335,-16.451087010394854,-20.72714390722622,-13.868263173452718,-19.1323729990936,-18.791403568606107,-19.63361308648881,-20.361083529114154,-15.680026267550332,-17.702085894938318,-20.438790457136413,-16.82449760816374,-21.52559293005963,-18.52777019843856,-16.016960462603652,-19.431238225492322,-20.94211241949965,-17.93621305067322,-18.404574134126346,2.1971308197704293,30,-12.87652622441805,-13.476182036561756,-13.822140889388113,-14.524981730317473,-13.799126453797879,-13.2931209721585,-13.988532104296281,-13.783900226277892,-14.220520109640592,-13.214869258837803,-14.79627239235121,-13.777685865732844,-13.575762466750117,-13.50580314960753,-12.773227515701667,-14.15944400512875,-13.480204567409206,-13.4447856781751,-13.95642802480167,-13.402807520138936,-13.653751155449683,-13.974251477489155,-13.462972405098094,-13.014120402245789,-13.844370605664075,-13.672871489497528,0.4647838587396011
0.058870182037353516,0.01762624402947258,0.008002586364746093,0.005650786411893172,1.0,1.0,0.01,200,3,0.05,0.9,"{'model__subsample': 1.0, 'model__reg_lambda': 1, 'model__reg_alpha': 0.01, 'model__n_estimators': 200, 'model__max_depth': 3, 'model__learning_rate': 0.05, 'model__colsample_bytree': 0.9}",-20.373779767375165,-16.76287423461583,-14.274177684826261,-13.379315903547797,-18.463140095493248,-17.47473393712517,-15.22713124545296,-16.13989196121369,-14.640397837092218,-17.511883801561705,-10.292606298645461,-18.609086524966077,-17.67163126735754,-17.071071936435683,-20.562430330541275,-13.652782998684044,-16.524429551229638,-18.296874537481163,-14.86811690305368,-19.803612736770926,-16.605234992798263,-16.352255104801117,-17.092171781296123,-18.152456966972153,-15.822428222138198,-16.624980664859013,2.281069944696699,21,-5.964708708542041,-6.461079779770466,-6.8672321522939255,-7.054788590424161,-6.034634056163561,-5.4930193535388865,-6.540417215025056,-7.111641751991249,-7.096665597757946,-6.281628517437273,-7.381820669408794,-6.49997438660256,-6.067180143269409,-6.798468967619551,-5.349954020126019,-6.351106251964871,-6.114621255148731,-6.131286453023527,-6.744835011639721,-6.29993791703124,-6.721176468358346,-6.743121707329104,-6.322723759397451,-6.407672859559064,-6.35358219368806,-6.4477311114844404,0.47434429001729356
0.14070963859558105,0.04443882955200769,0.009847278594970704,0.009987874705072822,1.0,2.0,0.1,500,3,0.03,1.0,"{'model__subsample': 1.0, 'model__reg_lambda': 2, 'model__reg_alpha': 0.1, 'model__n_estimators': 500, 'model__max_depth': 3, 'model__learning_rate': 0.03, 'model__colsample_bytree': 1.0}",-20.290709281406826,-16.31054626742383,-13.625803843564334,-13.136061002063357,-18.422544711598178,-18.575936222929986,-15.412746311178182,-16.066837057279812,-14.773083205278772,-17.109200041571214,-10.778458086413375,-18.74069086014867,-16.943100107504858,-16.89260297120645,-21.14932334695492,-13.408757477154694,-16.225072112891205,-18.58460746490394,-16.100211325444263,-20.452255703392726,-15.300675220909127,-16.839983499761217,-16.918446203389564,-17.75516340834949,-15.328579095222016,-16.60565579311764,2.371408394617397,20,-4.750231269615344,-4.807404251426575,-5.762695777792896,-5.5880634413876,-4.851103548699403,-4.416453864745478,-4.688684910554944,-5.946128168004866,-5.007555340759784,-4.8757602311062485,-5.946095868939415,-5.310121111027424,-4.79234590467497,-5.34961512403175,-4.33007877754139,-4.8982293041603695,-4.901129854229268,-4.7831855785995465,-5.575123830369786,-5.057317658577131,-5.333007871373953,-5.425263417733558,-5.199605606349905,-5.146779136482812,-4.94273969511909,-5.10738878173214,0.4229409823499073
0.11914294242858886,0.0511143720505223,0.012239646911621094,0.013327228572909532,0.8,5.0,0.01,300,3,0.1,1.0,"{'model__subsample': 0.8, 'model__reg_lambda': 5, 'model__reg_alpha': 0.01, 'model__n_estimators': 300, 'model__max_depth': 3, 'model__learning_rate': 0.1, 'model__colsample_bytree': 1.0}",-21.972346744223568,-16.550262657732414,-14.143727467703417,-12.10837179809832,-18.15344934095416,-17.642649291402126,-14.813720006632028,-15.508600712289832,-13.940138632428491,-17.93762130501501,-11.753246844540687,-17.970248800983118,-17.675764915128028,-16.55229709673328,-21.603985831575667,-13.716772151642832,-16.086656589562924,-18.170652779793144,-13.87063019239291,-18.91536841002885,-14.028359687130791,-17.168548533121747,-16.037881010815614,-17.937347664321482,-16.503841288942045,-16.4304995901277,2.4945771073902643,13,-2.3938636040396433,-2.510937504999131,-3.1443921156151324,-2.8968075903993493,-2.8205799224671075,-2.3765002287272163,-2.721805854302013,-3.056390241114034,-2.6789923535698072,-2.500563633012488,-3.032508646086491,-2.58330329999006,-2.3741679254034493,-2.990709202639817,-2.0799756717531728,-2.3865044867582412,-2.8307268159889634,-2.5542154154188688,-2.940997251645566,-2.7522939829995727,-2.6016500517237575,-2.893074954083306,-3.135731939859669,-2.5474361449642853,-2.4102613556495367,-2.688575607728427,0.27496024137901987
0.05200530052185059,0.007405132949131375,0.007038326263427735,0.001596633242878459,0.8,1.0,0.1,100,5,0.05,0.8,"{'model__subsample': 0.8, 'model__reg_lambda': 1, 'model__reg_alpha': 0.1, 'model__n_estimators': 100, 'model__max_depth': 5, 'model__learning_rate': 0.05, 'model__colsample_bytree': 0.8}",-21.40604205351119,-16.15721521956263,-13.08622982880025,-11.335121139962656,-16.75684463434052,-18.047241494241224,-14.580384375110901,-15.239010376644659,-13.631785519611155,-17.295469179305076,-10.685520332304934,-17.45267463122186,-16.187405561209253,-17.244498526401504,-20.717846280643247,-12.843715473322332,-16.149288112293704,-17.94367839337716,-15.202477464955988,-18.127017285817494,-15.761004073422292,-15.024731830128456,-15.937415483230936,-17.502612596581912,-15.15310394958089,-15.978733352623287,2.4595991290944554,3,-3.8288653574037754,-4.1624360185310385,-4.652387307317849,-4.76456254125191,-4.619137794529538,-4.150844907547833,-4.396479406185158,-4.832993139366529,-4.647127705918267,-4.043186117411505,-5.041299840017217,-4.571875983951827,-4.288149327723074,-4.433798608291485,-3.5787119953046815,-4.282451294732556,-4.312650615536855,-4.244077893384953,-4.405731626461568,-4.484821977440915,-4.320017857832132,-4.495500594992008,-4.576205286103098,-4.098947008349524,-4.229416253647693,-4.378467058369321,0.30996041549262965
0.0816865634918213,0.03347932476634833,0.007462186813354492,0.0047438007277369135,0.8,0.5,0.0,300,3,0.05,0.7,"{'model__subsample': 0.8, 'model__reg_lambda': 0.5, 'model__reg_alpha': 0, 'model__n_estimators': 300, 'model__max_depth': 3, 'model__learning_rate': 0.05, 'model__colsample_bytree': 0.7}",-20.945007039810406,-16.46842861754237,-13.382351404005197,-11.603825761127078,-18.4528487630476,-17.817077428127302,-14.255231364591973,-15.40667119825817,-13.691763137320939,-18.0997753340581,-9.968171769290764,-17.175544438013464,-17.126167071556317,-16.22614045843725,-21.077873644069054,-13.000538589976445,-15.824020286414154,-17.28188605987464,-14.667979000743658,-18.826489494342496,-15.51745720654338,-16.562934950109117,-16.684284638713176,-17.068519986042613,-16.33488948388747,-16.138635085036125,2.532960196556593,6,-3.6656885242931727,-3.694317534067774,-4.492999892377939,-4.1457113067501385,-4.139659954125847,-3.5520834708952376,-4.103356958277876,-4.261487053845232,-4.148585754148557,-3.882324154951414,-4.575027285960612,-3.935061687329802,-3.8296219676378023,-4.250536715740284,-3.2282452326245177,-3.8630495054318286,-4.002759731799366,-3.9687864806668913,-4.180743646929766,-3.997682438742135,-4.059475546752916,-4.101321933984971,-4.176514544687179,-3.7733168844676066,-3.5194985724717545,-3.981914271158425,0.29653611305280725
0.05456741333007813,0.013383654529787393,0.007457723617553711,0.002542939172000117,1.0,5.0,1.0,300,2,0.03,0.8,"{'model__subsample': 1.0, 'model__reg_lambda': 5, 'model__reg_alpha': 1, 'model__n_estimators': 300, 'model__max_depth': 2, 'model__learning_rate': 0.03, 'model__colsample_bytree': 0.8}",-20.54633982275654,-15.810987317702349,-15.050594917138914,-13.257985246793453,-17.96460667994984,-17.982096473505337,-15.150895073730545,-15.922868708023792,-13.157843618726012,-18.703766483812238,-10.466209698294216,-17.869522223625875,-17.409785640526486,-17.16029539055973,-20.340278766524847,-13.43566950782647,-15.715726231077754,-18.785176567542585,-15.94694941147152,-19.49068435429894,-17.05456169672314,-16.177967273645237,-17.319398585728234,-17.93650196199958,-16.348693291196266,-16.600216197727196,2.3123100458426014,19,-10.159288301045263,-10.805636073351865,-10.954308451474505,-11.48702604401772,-11.002767085961015,-10.256744870969797,-11.105264941219538,-11.38187733514603,-11.410087929404222,-10.52546434737207,-12.12810049156495,-11.028511082030153,-10.545493826729043,-10.760341306823367,-9.54849038223386,-11.362820060307232,-10.621351562788298,-10.569960841329241,-10.906032787148463,-10.26018100222233,-11.149999447016588,-10.946292862820528,-10.414029027174077,-10.733027595159385,-10.921961692973682,-10.83940237393133,0.511793076398336
0.1338740348815918,0.028292335113907423,0.0067007350921630855,0.001361878295077633,1.0,2.0,1.0,300,5,0.01,0.8,"{'model__subsample': 1.0, 'model__reg_lambda': 2, 'model__reg_alpha': 1, 'model__n_estimators': 300, 'model__max_depth': 5, 'model__learning_rate': 0.01, 'model__colsample_bytree': 0.8}",-21.572428005306268,-16.747110844426107,-14.304415271674557,-12.674093221598783,-16.88992192452414,-17.969298387037792,-14.413755439146415,-15.587378591703635,-13.803961163933602,-18.543203523716635,-10.434398178872188,-17.894245280619856,-17.63912856547404,-17.34038480304817,-19.67372588357743,-12.578755290730841,-15.729467350864065,-18.631038102865876,-15.199404471326133,-19.78406127690636,-16.010537598678194,-15.595092244733843,-17.283941406307367,-18.48392720550718,-16.21124984910257,-16.439796955267283,2.4786254582032465,14,-6.536626174536603,-6.75152149956323,-7.810920217546733,-7.891017826187642,-7.391027944022505,-6.576972766721009,-7.536474081796353,-7.803876511572965,-7.422003291205614,-6.859666830431656,-8.664585760760104,-7.463260349256923,-6.975547000100209,-7.299483985130633,-6.08166637309452,-7.236895317043294,-6.595825486436034,-7.374739314580985,-7.172940096009623,-6.78580715867781,-7.113152882291277,-7.400157752686233,-7.180658842403746,-7.1060378834172475,-6.84676002762902,-7.195105014924079,0.5228780719889005
